epoch,lr-Adam,step,train_binom_loss_epoch,train_control_loss_epoch,train_control_profile_pearson_epoch,train_d_log_odds_profile_pearson_epoch,train_eCLIP_loss_epoch,train_eCLIP_profile_pearson_epoch,train_loss,train_loss_epoch,train_pi_pearson_epoch,val_binom_loss_epoch,val_control_loss_epoch,val_control_profile_pearson_epoch,val_d_log_odds_profile_pearson_epoch,val_eCLIP_loss_epoch,val_eCLIP_profile_pearson_epoch,val_loss_epoch,val_pi_pearson_epoch
,0.001,0,,,,,,,,,,,,,,,,,
0,,49,,,,,,,58508.0,,,,,,,,,,
0,,99,,,,,,,34116.12890625,,,,,,,,,,
0,,149,,,,,,,11282.1904296875,,,,,,,,,,
0,,199,,,,,,,11332.767578125,,,,,,,,,,
0,,249,,,,,,,10958.876953125,,,,,,,,,,
0,,299,,,,,,,11137.1953125,,,,,,,,,,
0,,349,,,,,,,7130.66357421875,,,,,,,,,,
0,,399,,,,,,,11158.904296875,,,,,,,,,,
0,,449,,,,,,,6673.95703125,,,,,,,,,,
0,,499,,,,,,,6518.14111328125,,,,,,,,,,
0,,549,,,,,,,6147.029296875,,,,,,,,,,
0,,599,,,,,,,4270.6552734375,,,,,,,,,,
0,,649,,,,,,,4755.2802734375,,,,,,,,,,
0,,699,,,,,,,7017.04345703125,,,,,,,,,,
0,,749,,,,,,,4325.05224609375,,,,,,,,,,
0,,799,,,,,,,17252.486328125,,,,,,,,,,
0,,849,,,,,,,4909.611328125,,,,,,,,,,
0,,899,,,,,,,17865.23046875,,,,,,,,,,
0,,949,,,,,,,2909.98486328125,,,,,,,,,,
0,,999,,,,,,,6911.41015625,,,,,,,,,,
0,,1049,,,,,,,3248.121826171875,,,,,,,,,,
0,,1099,,,,,,,2407.1533203125,,,,,,,,,,
0,,1149,,,,,,,3998.578125,,,,,,,,,,
0,,1199,,,,,,,7268.826171875,,,,,,,,,,
0,,1249,,,,,,,8165.0,,,,,,,,,,
0,,1299,,,,,,,3514.374755859375,,,,,,,,,,
0,,1349,,,,,,,2800.490478515625,,,,,,,,,,
0,,1399,,,,,,,3861.018310546875,,,,,,,,,,
0,,1449,,,,,,,2676.431640625,,,,,,,,,,
0,,1499,,,,,,,2962.0830078125,,,,,,,,,,
0,,1549,,,,,,,2280.578125,,,,,,,,,,
0,,1599,,,,,,,5166.7626953125,,,,,,,,,,
0,,1649,,,,,,,3447.099609375,,,,,,,,,,
0,,1661,,,,,,,,,,173.6898956298828,1227.244873046875,0.14180098474025726,0.15491531789302826,989.3550415039062,0.3413943648338318,2576.75048828125,0.2900966703891754
0,,1661,181.86366271972656,3759.70703125,0.055310606956481934,0.2361346036195755,4840.39794921875,0.15038293600082397,,8968.8203125,0.24089106917381287,,,,,,,,
,0.001,1662,,,,,,,,,,,,,,,,,
1,,1699,,,,,,,2690.474609375,,,,,,,,,,
1,,1749,,,,,,,3965.96240234375,,,,,,,,,,
1,,1799,,,,,,,2581.3271484375,,,,,,,,,,
1,,1849,,,,,,,3582.66552734375,,,,,,,,,,
1,,1899,,,,,,,1620.217529296875,,,,,,,,,,
1,,1949,,,,,,,1689.054443359375,,,,,,,,,,
1,,1999,,,,,,,2086.121826171875,,,,,,,,,,
1,,2049,,,,,,,1769.0888671875,,,,,,,,,,
1,,2099,,,,,,,2025.0245361328125,,,,,,,,,,
1,,2149,,,,,,,1506.76171875,,,,,,,,,,
1,,2199,,,,,,,1369.220947265625,,,,,,,,,,
1,,2249,,,,,,,1862.8857421875,,,,,,,,,,
1,,2299,,,,,,,1415.9296875,,,,,,,,,,
1,,2349,,,,,,,1598.60693359375,,,,,,,,,,
1,,2399,,,,,,,3605.05908203125,,,,,,,,,,
1,,2449,,,,,,,1720.3416748046875,,,,,,,,,,
1,,2499,,,,,,,1373.925048828125,,,,,,,,,,
1,,2549,,,,,,,2046.6800537109375,,,,,,,,,,
1,,2599,,,,,,,1724.469970703125,,,,,,,,,,
1,,2649,,,,,,,1783.0216064453125,,,,,,,,,,
1,,2699,,,,,,,1496.099609375,,,,,,,,,,
1,,2749,,,,,,,1551.3052978515625,,,,,,,,,,
1,,2799,,,,,,,2233.658203125,,,,,,,,,,
1,,2849,,,,,,,1460.2789306640625,,,,,,,,,,
1,,2899,,,,,,,2493.419189453125,,,,,,,,,,
1,,2949,,,,,,,1251.13330078125,,,,,,,,,,
1,,2999,,,,,,,1331.59912109375,,,,,,,,,,
1,,3049,,,,,,,1366.150146484375,,,,,,,,,,
1,,3099,,,,,,,1439.677001953125,,,,,,,,,,
1,,3149,,,,,,,1222.20849609375,,,,,,,,,,
1,,3199,,,,,,,2939.254638671875,,,,,,,,,,
1,,3249,,,,,,,1871.9312744140625,,,,,,,,,,
1,,3299,,,,,,,1615.596435546875,,,,,,,,,,
1,,3323,,,,,,,,,,172.69056701660156,618.7139282226562,0.27463221549987793,-0.19231191277503967,728.9517211914062,0.4874086081981659,1731.0595703125,-0.03579185530543327
1,,3323,152.328369140625,739.1920776367188,0.1885196566581726,0.1022968590259552,978.8694458007812,0.4048194885253906,,2034.1497802734375,0.2584129869937897,,,,,,,,
,0.001,3324,,,,,,,,,,,,,,,,,
2,,3349,,,,,,,1635.197998046875,,,,,,,,,,
2,,3399,,,,,,,1422.98779296875,,,,,,,,,,
2,,3449,,,,,,,1552.1715087890625,,,,,,,,,,
2,,3499,,,,,,,1762.10400390625,,,,,,,,,,
2,,3549,,,,,,,2319.072998046875,,,,,,,,,,
2,,3599,,,,,,,1573.223876953125,,,,,,,,,,
2,,3649,,,,,,,1313.144775390625,,,,,,,,,,
2,,3699,,,,,,,1330.845947265625,,,,,,,,,,
2,,3749,,,,,,,1358.6488037109375,,,,,,,,,,
2,,3799,,,,,,,1320.40576171875,,,,,,,,,,
2,,3849,,,,,,,1339.7750244140625,,,,,,,,,,
2,,3899,,,,,,,1318.4615478515625,,,,,,,,,,
2,,3949,,,,,,,1722.627197265625,,,,,,,,,,
2,,3999,,,,,,,1493.9716796875,,,,,,,,,,
2,,4049,,,,,,,1263.919189453125,,,,,,,,,,
2,,4099,,,,,,,1177.72265625,,,,,,,,,,
2,,4149,,,,,,,1624.42529296875,,,,,,,,,,
2,,4199,,,,,,,2162.482666015625,,,,,,,,,,
2,,4249,,,,,,,1132.102294921875,,,,,,,,,,
2,,4299,,,,,,,1841.813720703125,,,,,,,,,,
2,,4349,,,,,,,1358.5537109375,,,,,,,,,,
2,,4399,,,,,,,1689.8248291015625,,,,,,,,,,
2,,4449,,,,,,,2086.716796875,,,,,,,,,,
2,,4499,,,,,,,1968.946044921875,,,,,,,,,,
2,,4549,,,,,,,2045.3238525390625,,,,,,,,,,
2,,4599,,,,,,,1273.406005859375,,,,,,,,,,
2,,4649,,,,,,,1576.17626953125,,,,,,,,,,
2,,4699,,,,,,,1278.1500244140625,,,,,,,,,,
2,,4749,,,,,,,2317.14013671875,,,,,,,,,,
2,,4799,,,,,,,1340.53125,,,,,,,,,,
2,,4849,,,,,,,1565.14599609375,,,,,,,,,,
2,,4899,,,,,,,1336.5272216796875,,,,,,,,,,
2,,4949,,,,,,,1332.8983154296875,,,,,,,,,,
2,,4985,,,,,,,,,,172.70101928710938,531.5980834960938,0.2909482717514038,0.10282425582408905,663.07177734375,0.5167389512062073,1545.7415771484375,0.27414676547050476
2,,4985,152.09527587890625,560.44921875,0.26845046877861023,0.06107429042458534,766.5411987304688,0.486693799495697,,1633.747802734375,0.3417414128780365,,,,,,,,
,0.001,4986,,,,,,,,,,,,,,,,,
3,,4999,,,,,,,1562.5703125,,,,,,,,,,
3,,5049,,,,,,,1895.385498046875,,,,,,,,,,
3,,5099,,,,,,,1246.986328125,,,,,,,,,,
3,,5149,,,,,,,1357.3388671875,,,,,,,,,,
3,,5199,,,,,,,1152.139892578125,,,,,,,,,,
3,,5249,,,,,,,1168.322509765625,,,,,,,,,,
3,,5299,,,,,,,1473.64599609375,,,,,,,,,,
3,,5349,,,,,,,2104.78515625,,,,,,,,,,
3,,5399,,,,,,,3219.6240234375,,,,,,,,,,
3,,5449,,,,,,,1209.298583984375,,,,,,,,,,
3,,5499,,,,,,,1748.381591796875,,,,,,,,,,
3,,5549,,,,,,,1323.7789306640625,,,,,,,,,,
3,,5599,,,,,,,1446.086181640625,,,,,,,,,,
3,,5649,,,,,,,1499.700439453125,,,,,,,,,,
3,,5699,,,,,,,1865.3760986328125,,,,,,,,,,
3,,5749,,,,,,,1880.154052734375,,,,,,,,,,
3,,5799,,,,,,,1209.7469482421875,,,,,,,,,,
3,,5849,,,,,,,1888.6282958984375,,,,,,,,,,
3,,5899,,,,,,,1218.0872802734375,,,,,,,,,,
3,,5949,,,,,,,1419.259765625,,,,,,,,,,
3,,5999,,,,,,,1850.7364501953125,,,,,,,,,,
3,,6049,,,,,,,1544.8424072265625,,,,,,,,,,
3,,6099,,,,,,,2363.0576171875,,,,,,,,,,
3,,6149,,,,,,,1184.3828125,,,,,,,,,,
3,,6199,,,,,,,1701.943359375,,,,,,,,,,
3,,6249,,,,,,,1547.760986328125,,,,,,,,,,
3,,6299,,,,,,,2019.845458984375,,,,,,,,,,
3,,6349,,,,,,,1295.103515625,,,,,,,,,,
3,,6399,,,,,,,1445.80078125,,,,,,,,,,
3,,6449,,,,,,,1516.92041015625,,,,,,,,,,
3,,6499,,,,,,,1289.111328125,,,,,,,,,,
3,,6549,,,,,,,1087.5166015625,,,,,,,,,,
3,,6599,,,,,,,1132.7303466796875,,,,,,,,,,
3,,6647,,,,,,,,,,172.18589782714844,498.9955139160156,0.3077393174171448,0.3510555624961853,624.9357299804688,0.5459116697311401,1464.8267822265625,0.4733317196369171
3,,6647,151.6990966796875,470.60357666015625,0.28796690702438354,0.25607261061668396,691.8880004882812,0.5258581042289734,,1461.776611328125,0.4655904173851013,,,,,,,,
,0.001,6648,,,,,,,,,,,,,,,,,
4,,6649,,,,,,,1168.4027099609375,,,,,,,,,,
4,,6699,,,,,,,1488.76513671875,,,,,,,,,,
4,,6749,,,,,,,1322.25927734375,,,,,,,,,,
4,,6799,,,,,,,1612.9708251953125,,,,,,,,,,
4,,6849,,,,,,,1225.3193359375,,,,,,,,,,
4,,6899,,,,,,,1237.852783203125,,,,,,,,,,
4,,6949,,,,,,,1204.636962890625,,,,,,,,,,
4,,6999,,,,,,,1195.60205078125,,,,,,,,,,
4,,7049,,,,,,,1259.078857421875,,,,,,,,,,
4,,7099,,,,,,,1065.4417724609375,,,,,,,,,,
4,,7149,,,,,,,1671.2469482421875,,,,,,,,,,
4,,7199,,,,,,,1238.15234375,,,,,,,,,,
4,,7249,,,,,,,1193.2760009765625,,,,,,,,,,
4,,7299,,,,,,,2386.099609375,,,,,,,,,,
4,,7349,,,,,,,1940.400146484375,,,,,,,,,,
4,,7399,,,,,,,1313.042236328125,,,,,,,,,,
4,,7449,,,,,,,1068.763671875,,,,,,,,,,
4,,7499,,,,,,,1172.0323486328125,,,,,,,,,,
4,,7549,,,,,,,1222.269287109375,,,,,,,,,,
4,,7599,,,,,,,1156.659912109375,,,,,,,,,,
4,,7649,,,,,,,1293.951416015625,,,,,,,,,,
4,,7699,,,,,,,1137.4013671875,,,,,,,,,,
4,,7749,,,,,,,1089.614501953125,,,,,,,,,,
4,,7799,,,,,,,1477.7864990234375,,,,,,,,,,
4,,7849,,,,,,,1382.886962890625,,,,,,,,,,
4,,7899,,,,,,,1354.78955078125,,,,,,,,,,
4,,7949,,,,,,,1234.705322265625,,,,,,,,,,
4,,7999,,,,,,,1163.9132080078125,,,,,,,,,,
4,,8049,,,,,,,1374.337890625,,,,,,,,,,
4,,8099,,,,,,,1352.364501953125,,,,,,,,,,
4,,8149,,,,,,,1351.5604248046875,,,,,,,,,,
4,,8199,,,,,,,1052.96533203125,,,,,,,,,,
4,,8249,,,,,,,1097.678466796875,,,,,,,,,,
4,,8299,,,,,,,1295.510986328125,,,,,,,,,,
4,,8309,,,,,,,,,,170.58824157714844,483.550537109375,0.320664644241333,0.36568158864974976,618.4041748046875,0.5595664978027344,1433.380615234375,0.4369456171989441
4,,8309,150.44873046875,427.52508544921875,0.30658867955207825,0.32285159826278687,656.092041015625,0.5429406762123108,,1365.656005859375,0.5116028189659119,,,,,,,,
,0.001,8310,,,,,,,,,,,,,,,,,
5,,8349,,,,,,,1338.1541748046875,,,,,,,,,,
5,,8399,,,,,,,1167.196044921875,,,,,,,,,,
5,,8449,,,,,,,1330.9345703125,,,,,,,,,,
5,,8499,,,,,,,1230.848876953125,,,,,,,,,,
5,,8549,,,,,,,1110.9638671875,,,,,,,,,,
5,,8599,,,,,,,1199.2723388671875,,,,,,,,,,
5,,8649,,,,,,,1454.5625,,,,,,,,,,
5,,8699,,,,,,,1211.931396484375,,,,,,,,,,
5,,8749,,,,,,,1224.460693359375,,,,,,,,,,
5,,8799,,,,,,,1362.8455810546875,,,,,,,,,,
5,,8849,,,,,,,1195.320556640625,,,,,,,,,,
5,,8899,,,,,,,1047.080078125,,,,,,,,,,
5,,8949,,,,,,,1212.710205078125,,,,,,,,,,
5,,8999,,,,,,,1174.0572509765625,,,,,,,,,,
5,,9049,,,,,,,1141.952880859375,,,,,,,,,,
5,,9099,,,,,,,1151.601318359375,,,,,,,,,,
5,,9149,,,,,,,1114.98388671875,,,,,,,,,,
5,,9199,,,,,,,1727.9359130859375,,,,,,,,,,
5,,9249,,,,,,,1177.40283203125,,,,,,,,,,
5,,9299,,,,,,,1762.5660400390625,,,,,,,,,,
5,,9349,,,,,,,1222.364013671875,,,,,,,,,,
5,,9399,,,,,,,1622.121337890625,,,,,,,,,,
5,,9449,,,,,,,1101.0474853515625,,,,,,,,,,
5,,9499,,,,,,,1245.9378662109375,,,,,,,,,,
5,,9549,,,,,,,1218.87255859375,,,,,,,,,,
5,,9599,,,,,,,1207.025146484375,,,,,,,,,,
5,,9649,,,,,,,1220.7802734375,,,,,,,,,,
5,,9699,,,,,,,1155.231201171875,,,,,,,,,,
5,,9749,,,,,,,1234.6424560546875,,,,,,,,,,
5,,9799,,,,,,,1294.91748046875,,,,,,,,,,
5,,9849,,,,,,,1137.3040771484375,,,,,,,,,,
5,,9899,,,,,,,1316.5745849609375,,,,,,,,,,
5,,9949,,,,,,,1333.6859130859375,,,,,,,,,,
5,,9971,,,,,,,,,,160.9535675048828,472.9884033203125,0.31787213683128357,0.4684474766254425,609.263916015625,0.5639985203742981,1398.6898193359375,0.4965263903141022
5,,9971,140.85704040527344,403.726318359375,0.3243643343448639,0.43728363513946533,632.7249755859375,0.5553537011146545,,1303.762939453125,0.5194761753082275,,,,,,,,
,0.001,9972,,,,,,,,,,,,,,,,,
6,,9999,,,,,,,1170.59912109375,,,,,,,,,,
6,,10049,,,,,,,1135.976806640625,,,,,,,,,,
6,,10099,,,,,,,1125.039306640625,,,,,,,,,,
6,,10149,,,,,,,1314.9505615234375,,,,,,,,,,
6,,10199,,,,,,,2309.19970703125,,,,,,,,,,
6,,10249,,,,,,,1025.7479248046875,,,,,,,,,,
6,,10299,,,,,,,1537.39111328125,,,,,,,,,,
6,,10349,,,,,,,1316.7420654296875,,,,,,,,,,
6,,10399,,,,,,,1097.628173828125,,,,,,,,,,
6,,10449,,,,,,,1401.1016845703125,,,,,,,,,,
6,,10499,,,,,,,1079.03271484375,,,,,,,,,,
6,,10549,,,,,,,1257.023193359375,,,,,,,,,,
6,,10599,,,,,,,1914.2137451171875,,,,,,,,,,
6,,10649,,,,,,,1242.12451171875,,,,,,,,,,
6,,10699,,,,,,,1063.314208984375,,,,,,,,,,
6,,10749,,,,,,,1258.75390625,,,,,,,,,,
6,,10799,,,,,,,1152.625244140625,,,,,,,,,,
6,,10849,,,,,,,1083.1025390625,,,,,,,,,,
6,,10899,,,,,,,1234.9541015625,,,,,,,,,,
6,,10949,,,,,,,1033.23046875,,,,,,,,,,
6,,10999,,,,,,,1644.453857421875,,,,,,,,,,
6,,11049,,,,,,,1230.003173828125,,,,,,,,,,
6,,11099,,,,,,,1062.296875,,,,,,,,,,
6,,11149,,,,,,,1002.32275390625,,,,,,,,,,
6,,11199,,,,,,,1242.919921875,,,,,,,,,,
6,,11249,,,,,,,1152.569091796875,,,,,,,,,,
6,,11299,,,,,,,1157.61328125,,,,,,,,,,
6,,11349,,,,,,,1057.508544921875,,,,,,,,,,
6,,11399,,,,,,,1454.535400390625,,,,,,,,,,
6,,11449,,,,,,,1114.479736328125,,,,,,,,,,
6,,11499,,,,,,,1331.396728515625,,,,,,,,,,
6,,11549,,,,,,,1244.3311767578125,,,,,,,,,,
6,,11599,,,,,,,1129.12109375,,,,,,,,,,
6,,11633,,,,,,,,,,158.80093383789062,474.5287780761719,0.33614200353622437,0.3827644884586334,606.5277099609375,0.5716720819473267,1397.628173828125,0.45082345604896545
6,,11633,132.33734130859375,391.5569763183594,0.33360424637794495,0.4433661997318268,621.1029052734375,0.5636377334594727,,1268.625244140625,0.5429700016975403,,,,,,,,
,0.001,11634,,,,,,,,,,,,,,,,,
7,,11649,,,,,,,1258.681396484375,,,,,,,,,,
7,,11699,,,,,,,1081.891845703125,,,,,,,,,,
7,,11749,,,,,,,1250.1707763671875,,,,,,,,,,
7,,11799,,,,,,,1243.3385009765625,,,,,,,,,,
7,,11849,,,,,,,2190.95947265625,,,,,,,,,,
7,,11899,,,,,,,1185.613037109375,,,,,,,,,,
7,,11949,,,,,,,1187.024169921875,,,,,,,,,,
7,,11999,,,,,,,1178.1053466796875,,,,,,,,,,
7,,12049,,,,,,,1026.70166015625,,,,,,,,,,
7,,12099,,,,,,,1239.426513671875,,,,,,,,,,
7,,12149,,,,,,,1713.084716796875,,,,,,,,,,
7,,12199,,,,,,,1046.472412109375,,,,,,,,,,
7,,12249,,,,,,,1031.494140625,,,,,,,,,,
7,,12299,,,,,,,1164.2015380859375,,,,,,,,,,
7,,12349,,,,,,,1204.6298828125,,,,,,,,,,
7,,12399,,,,,,,1347.9619140625,,,,,,,,,,
7,,12449,,,,,,,1033.5174560546875,,,,,,,,,,
7,,12499,,,,,,,1221.061279296875,,,,,,,,,,
7,,12549,,,,,,,1120.8470458984375,,,,,,,,,,
7,,12599,,,,,,,1150.6376953125,,,,,,,,,,
7,,12649,,,,,,,1113.806396484375,,,,,,,,,,
7,,12699,,,,,,,1222.028076171875,,,,,,,,,,
7,,12749,,,,,,,1221.441650390625,,,,,,,,,,
7,,12799,,,,,,,1507.712646484375,,,,,,,,,,
7,,12849,,,,,,,1141.189453125,,,,,,,,,,
7,,12899,,,,,,,1497.656982421875,,,,,,,,,,
7,,12949,,,,,,,1052.8966064453125,,,,,,,,,,
7,,12999,,,,,,,1172.5498046875,,,,,,,,,,
7,,13049,,,,,,,2086.845703125,,,,,,,,,,
7,,13099,,,,,,,1044.749755859375,,,,,,,,,,
7,,13149,,,,,,,1205.6256103515625,,,,,,,,,,
7,,13199,,,,,,,1125.7786865234375,,,,,,,,,,
7,,13249,,,,,,,1187.30859375,,,,,,,,,,
7,,13295,,,,,,,,,,154.89678955078125,459.0362548828125,0.34166616201400757,0.46070191264152527,602.83349609375,0.5716114044189453,1368.7244873046875,0.5108420848846436
7,,13295,129.20098876953125,384.8296813964844,0.3415124714374542,0.449371337890625,614.9417724609375,0.5681414604187012,,1250.9324951171875,0.5568331480026245,,,,,,,,
,0.001,13296,,,,,,,,,,,,,,,,,
8,,13299,,,,,,,1162.9058837890625,,,,,,,,,,
8,,13349,,,,,,,1183.955078125,,,,,,,,,,
8,,13399,,,,,,,1339.141845703125,,,,,,,,,,
8,,13449,,,,,,,1207.1739501953125,,,,,,,,,,
8,,13499,,,,,,,1138.93505859375,,,,,,,,,,
8,,13549,,,,,,,1036.270751953125,,,,,,,,,,
8,,13599,,,,,,,1132.9281005859375,,,,,,,,,,
8,,13649,,,,,,,1022.5533447265625,,,,,,,,,,
8,,13699,,,,,,,1425.748779296875,,,,,,,,,,
8,,13749,,,,,,,1103.323974609375,,,,,,,,,,
8,,13799,,,,,,,1047.357666015625,,,,,,,,,,
8,,13849,,,,,,,1303.1339111328125,,,,,,,,,,
8,,13899,,,,,,,1418.88330078125,,,,,,,,,,
8,,13949,,,,,,,1065.7508544921875,,,,,,,,,,
8,,13999,,,,,,,1208.5703125,,,,,,,,,,
8,,14049,,,,,,,1067.667724609375,,,,,,,,,,
8,,14099,,,,,,,1169.732421875,,,,,,,,,,
8,,14149,,,,,,,1139.833984375,,,,,,,,,,
8,,14199,,,,,,,1118.0787353515625,,,,,,,,,,
8,,14249,,,,,,,1084.64404296875,,,,,,,,,,
8,,14299,,,,,,,1115.3956298828125,,,,,,,,,,
8,,14349,,,,,,,1294.491943359375,,,,,,,,,,
8,,14399,,,,,,,1093.0576171875,,,,,,,,,,
8,,14449,,,,,,,1146.1258544921875,,,,,,,,,,
8,,14499,,,,,,,1106.89697265625,,,,,,,,,,
8,,14549,,,,,,,1205.96826171875,,,,,,,,,,
8,,14599,,,,,,,1115.29296875,,,,,,,,,,
8,,14649,,,,,,,1129.5987548828125,,,,,,,,,,
8,,14699,,,,,,,1028.1278076171875,,,,,,,,,,
8,,14749,,,,,,,1201.9765625,,,,,,,,,,
8,,14799,,,,,,,1376.7359619140625,,,,,,,,,,
8,,14849,,,,,,,1139.731689453125,,,,,,,,,,
8,,14899,,,,,,,1060.456787109375,,,,,,,,,,
8,,14949,,,,,,,1132.57275390625,,,,,,,,,,
8,,14957,,,,,,,,,,151.9490509033203,456.1808166503906,0.3468044102191925,0.4719826579093933,594.9228515625,0.5816138386726379,1351.066162109375,0.5428261756896973
8,,14957,126.83476257324219,374.9250183105469,0.35145753622055054,0.4569297134876251,604.687744140625,0.5753651857376099,,1226.6585693359375,0.5685334801673889,,,,,,,,
,0.001,14958,,,,,,,,,,,,,,,,,
9,,14999,,,,,,,1066.373291015625,,,,,,,,,,
9,,15049,,,,,,,1159.3331298828125,,,,,,,,,,
9,,15099,,,,,,,1423.9478759765625,,,,,,,,,,
9,,15149,,,,,,,1261.7833251953125,,,,,,,,,,
9,,15199,,,,,,,1122.0029296875,,,,,,,,,,
9,,15249,,,,,,,1249.491455078125,,,,,,,,,,
9,,15299,,,,,,,1153.633056640625,,,,,,,,,,
9,,15349,,,,,,,1878.87841796875,,,,,,,,,,
9,,15399,,,,,,,1192.3594970703125,,,,,,,,,,
9,,15449,,,,,,,1099.9866943359375,,,,,,,,,,
9,,15499,,,,,,,1081.8011474609375,,,,,,,,,,
9,,15549,,,,,,,1294.3614501953125,,,,,,,,,,
9,,15599,,,,,,,1172.347900390625,,,,,,,,,,
9,,15649,,,,,,,1482.6175537109375,,,,,,,,,,
9,,15699,,,,,,,980.362548828125,,,,,,,,,,
9,,15749,,,,,,,1245.160888671875,,,,,,,,,,
9,,15799,,,,,,,2115.715087890625,,,,,,,,,,
9,,15849,,,,,,,1039.070068359375,,,,,,,,,,
9,,15899,,,,,,,1097.195068359375,,,,,,,,,,
9,,15949,,,,,,,1232.36279296875,,,,,,,,,,
9,,15999,,,,,,,1030.6148681640625,,,,,,,,,,
9,,16049,,,,,,,986.6845092773438,,,,,,,,,,
9,,16099,,,,,,,1057.3974609375,,,,,,,,,,
9,,16149,,,,,,,1683.9276123046875,,,,,,,,,,
9,,16199,,,,,,,1217.73583984375,,,,,,,,,,
9,,16249,,,,,,,1072.5732421875,,,,,,,,,,
9,,16299,,,,,,,1867.99609375,,,,,,,,,,
9,,16349,,,,,,,1064.62646484375,,,,,,,,,,
9,,16399,,,,,,,2024.6328125,,,,,,,,,,
9,,16449,,,,,,,1090.309326171875,,,,,,,,,,
9,,16499,,,,,,,1409.742919921875,,,,,,,,,,
9,,16549,,,,,,,1168.279052734375,,,,,,,,,,
9,,16599,,,,,,,1107.01318359375,,,,,,,,,,
9,,16619,,,,,,,,,,153.53944396972656,438.72613525390625,0.35094162821769714,0.492696076631546,592.3580932617188,0.581062912940979,1332.51806640625,0.5561903119087219
9,,16619,124.65279388427734,368.8656311035156,0.35868367552757263,0.46147242188453674,598.3910522460938,0.5806834101676941,,1210.5465087890625,0.5780121088027954,,,,,,,,
,0.001,16620,,,,,,,,,,,,,,,,,
10,,16649,,,,,,,1796.649169921875,,,,,,,,,,
10,,16699,,,,,,,2463.98095703125,,,,,,,,,,
10,,16749,,,,,,,1114.91162109375,,,,,,,,,,
10,,16799,,,,,,,1301.244873046875,,,,,,,,,,
10,,16849,,,,,,,1131.356201171875,,,,,,,,,,
10,,16899,,,,,,,1134.9716796875,,,,,,,,,,
10,,16949,,,,,,,1465.13623046875,,,,,,,,,,
10,,16999,,,,,,,1060.2198486328125,,,,,,,,,,
10,,17049,,,,,,,1056.30615234375,,,,,,,,,,
10,,17099,,,,,,,1149.939453125,,,,,,,,,,
10,,17149,,,,,,,1250.571044921875,,,,,,,,,,
10,,17199,,,,,,,1023.8487548828125,,,,,,,,,,
10,,17249,,,,,,,1120.914794921875,,,,,,,,,,
10,,17299,,,,,,,1159.216796875,,,,,,,,,,
10,,17349,,,,,,,1057.27392578125,,,,,,,,,,
10,,17399,,,,,,,1079.8345947265625,,,,,,,,,,
10,,17449,,,,,,,1021.334228515625,,,,,,,,,,
10,,17499,,,,,,,1891.00439453125,,,,,,,,,,
10,,17549,,,,,,,1059.977783203125,,,,,,,,,,
10,,17599,,,,,,,1278.3504638671875,,,,,,,,,,
10,,17649,,,,,,,1240.7117919921875,,,,,,,,,,
10,,17699,,,,,,,1164.6085205078125,,,,,,,,,,
10,,17749,,,,,,,1224.3924560546875,,,,,,,,,,
10,,17799,,,,,,,2022.1800537109375,,,,,,,,,,
10,,17849,,,,,,,1126.858154296875,,,,,,,,,,
10,,17899,,,,,,,1343.000732421875,,,,,,,,,,
10,,17949,,,,,,,1138.793701171875,,,,,,,,,,
10,,17999,,,,,,,1188.119140625,,,,,,,,,,
10,,18049,,,,,,,1096.81396484375,,,,,,,,,,
10,,18099,,,,,,,1179.355712890625,,,,,,,,,,
10,,18149,,,,,,,1089.7261962890625,,,,,,,,,,
10,,18199,,,,,,,1070.2791748046875,,,,,,,,,,
10,,18249,,,,,,,1215.3311767578125,,,,,,,,,,
10,,18281,,,,,,,,,,153.20785522460938,446.96405029296875,0.351475328207016,0.46923038363456726,595.5509033203125,0.5814942717552185,1344.8026123046875,0.5588169693946838
10,,18281,123.38050842285156,363.5881042480469,0.3653644621372223,0.4689871370792389,592.0659790039062,0.5841378569602966,,1196.550537109375,0.5884800553321838,,,,,,,,
,0.001,18282,,,,,,,,,,,,,,,,,
11,,18299,,,,,,,1282.222900390625,,,,,,,,,,
11,,18349,,,,,,,1070.606201171875,,,,,,,,,,
11,,18399,,,,,,,1083.53857421875,,,,,,,,,,
11,,18449,,,,,,,1092.644287109375,,,,,,,,,,
11,,18499,,,,,,,1382.959716796875,,,,,,,,,,
11,,18549,,,,,,,1258.2890625,,,,,,,,,,
11,,18599,,,,,,,1105.2744140625,,,,,,,,,,
11,,18649,,,,,,,1160.548583984375,,,,,,,,,,
11,,18699,,,,,,,1114.661865234375,,,,,,,,,,
11,,18749,,,,,,,1928.6177978515625,,,,,,,,,,
11,,18799,,,,,,,1091.7620849609375,,,,,,,,,,
11,,18849,,,,,,,1102.4337158203125,,,,,,,,,,
11,,18899,,,,,,,1004.9238891601562,,,,,,,,,,
11,,18949,,,,,,,1052.933837890625,,,,,,,,,,
11,,18999,,,,,,,1003.6202392578125,,,,,,,,,,
11,,19049,,,,,,,1096.0938720703125,,,,,,,,,,
11,,19099,,,,,,,1142.24560546875,,,,,,,,,,
11,,19149,,,,,,,1096.8590087890625,,,,,,,,,,
11,,19199,,,,,,,1223.6654052734375,,,,,,,,,,
11,,19249,,,,,,,1243.949951171875,,,,,,,,,,
11,,19299,,,,,,,1073.4124755859375,,,,,,,,,,
11,,19349,,,,,,,1005.4371337890625,,,,,,,,,,
11,,19399,,,,,,,1064.1029052734375,,,,,,,,,,
11,,19449,,,,,,,1085.84375,,,,,,,,,,
11,,19499,,,,,,,1062.154296875,,,,,,,,,,
11,,19549,,,,,,,1026.186279296875,,,,,,,,,,
11,,19599,,,,,,,1933.529052734375,,,,,,,,,,
11,,19649,,,,,,,1104.5458984375,,,,,,,,,,
11,,19699,,,,,,,1461.3653564453125,,,,,,,,,,
11,,19749,,,,,,,1075.9996337890625,,,,,,,,,,
11,,19799,,,,,,,1114.4820556640625,,,,,,,,,,
11,,19849,,,,,,,1855.519775390625,,,,,,,,,,
11,,19899,,,,,,,1230.9107666015625,,,,,,,,,,
11,,19943,,,,,,,,,,151.52304077148438,473.2531433105469,0.3531973361968994,0.4820394515991211,600.8397827148438,0.5756144523620605,1377.8238525390625,0.5666563510894775
11,,19943,121.9407730102539,357.7318115234375,0.37257856130599976,0.4675109386444092,586.542236328125,0.5886304378509521,,1182.98876953125,0.5953248739242554,,,,,,,,
,0.001,19944,,,,,,,,,,,,,,,,,
12,,19949,,,,,,,1157.9508056640625,,,,,,,,,,
12,,19999,,,,,,,1337.9713134765625,,,,,,,,,,
12,,20049,,,,,,,1263.8616943359375,,,,,,,,,,
12,,20099,,,,,,,1111.056884765625,,,,,,,,,,
12,,20149,,,,,,,1075.547119140625,,,,,,,,,,
12,,20199,,,,,,,1056.462890625,,,,,,,,,,
12,,20249,,,,,,,1080.38525390625,,,,,,,,,,
12,,20299,,,,,,,1075.364013671875,,,,,,,,,,
12,,20349,,,,,,,1162.0277099609375,,,,,,,,,,
12,,20399,,,,,,,1312.481201171875,,,,,,,,,,
12,,20449,,,,,,,965.626220703125,,,,,,,,,,
12,,20499,,,,,,,1298.895263671875,,,,,,,,,,
12,,20549,,,,,,,2373.87646484375,,,,,,,,,,
12,,20599,,,,,,,1059.7572021484375,,,,,,,,,,
12,,20649,,,,,,,1009.8687133789062,,,,,,,,,,
12,,20699,,,,,,,1105.43212890625,,,,,,,,,,
12,,20749,,,,,,,1020.009765625,,,,,,,,,,
12,,20799,,,,,,,1230.445556640625,,,,,,,,,,
12,,20849,,,,,,,1081.4180908203125,,,,,,,,,,
12,,20899,,,,,,,1062.17529296875,,,,,,,,,,
12,,20949,,,,,,,1144.095703125,,,,,,,,,,
12,,20999,,,,,,,1188.168701171875,,,,,,,,,,
12,,21049,,,,,,,1093.6763916015625,,,,,,,,,,
12,,21099,,,,,,,1080.4002685546875,,,,,,,,,,
12,,21149,,,,,,,1077.923583984375,,,,,,,,,,
12,,21199,,,,,,,1040.7041015625,,,,,,,,,,
12,,21249,,,,,,,1113.674560546875,,,,,,,,,,
12,,21299,,,,,,,1015.0284423828125,,,,,,,,,,
12,,21349,,,,,,,1100.007080078125,,,,,,,,,,
12,,21399,,,,,,,1091.9927978515625,,,,,,,,,,
12,,21449,,,,,,,1028.5120849609375,,,,,,,,,,
12,,21499,,,,,,,1030.8336181640625,,,,,,,,,,
12,,21549,,,,,,,1117.74462890625,,,,,,,,,,
12,,21599,,,,,,,1678.1156005859375,,,,,,,,,,
12,,21605,,,,,,,,,,151.6705322265625,442.65478515625,0.3624356687068939,0.47637203335762024,587.10595703125,0.5844493508338928,1327.512451171875,0.545233964920044
12,,21605,121.12577056884766,355.9466857910156,0.3774023652076721,0.47423940896987915,582.2356567382812,0.5917575359344482,,1175.297119140625,0.6023734211921692,,,,,,,,
,0.001,21606,,,,,,,,,,,,,,,,,
13,,21649,,,,,,,1089.4453125,,,,,,,,,,
13,,21699,,,,,,,1169.0611572265625,,,,,,,,,,
13,,21749,,,,,,,1057.1611328125,,,,,,,,,,
13,,21799,,,,,,,1099.336669921875,,,,,,,,,,
13,,21849,,,,,,,1841.9749755859375,,,,,,,,,,
13,,21899,,,,,,,1064.2694091796875,,,,,,,,,,
13,,21949,,,,,,,1215.4627685546875,,,,,,,,,,
13,,21999,,,,,,,1008.5274658203125,,,,,,,,,,
13,,22049,,,,,,,1068.563232421875,,,,,,,,,,
13,,22099,,,,,,,1187.9951171875,,,,,,,,,,
13,,22149,,,,,,,1100.5908203125,,,,,,,,,,
13,,22199,,,,,,,1370.712646484375,,,,,,,,,,
13,,22249,,,,,,,1002.5536499023438,,,,,,,,,,
13,,22299,,,,,,,1132.25390625,,,,,,,,,,
13,,22349,,,,,,,1061.0084228515625,,,,,,,,,,
13,,22399,,,,,,,2529.3203125,,,,,,,,,,
13,,22449,,,,,,,1293.0640869140625,,,,,,,,,,
13,,22499,,,,,,,1322.4893798828125,,,,,,,,,,
13,,22549,,,,,,,1020.91162109375,,,,,,,,,,
13,,22599,,,,,,,1232.0140380859375,,,,,,,,,,
13,,22649,,,,,,,1012.0031127929688,,,,,,,,,,
13,,22699,,,,,,,1068.999755859375,,,,,,,,,,
13,,22749,,,,,,,1088.8394775390625,,,,,,,,,,
13,,22799,,,,,,,942.2325439453125,,,,,,,,,,
13,,22849,,,,,,,1940.71142578125,,,,,,,,,,
13,,22899,,,,,,,1118.623291015625,,,,,,,,,,
13,,22949,,,,,,,1092.333251953125,,,,,,,,,,
13,,22999,,,,,,,1050.551513671875,,,,,,,,,,
13,,23049,,,,,,,1013.0787353515625,,,,,,,,,,
13,,23099,,,,,,,1011.8206787109375,,,,,,,,,,
13,,23149,,,,,,,1278.91552734375,,,,,,,,,,
13,,23199,,,,,,,1033.60400390625,,,,,,,,,,
13,,23249,,,,,,,1115.089599609375,,,,,,,,,,
13,,23267,,,,,,,,,,152.6772003173828,448.68603515625,0.3581463694572449,0.4173160493373871,589.4261474609375,0.5861479043960571,1339.71875,0.5058519244194031
13,,23267,120.54143524169922,354.30364990234375,0.38127371668815613,0.4744308590888977,580.0402221679688,0.5941558480262756,,1170.5830078125,0.6057201623916626,,,,,,,,
,0.001,23268,,,,,,,,,,,,,,,,,
14,,23299,,,,,,,1010.3883056640625,,,,,,,,,,
14,,23349,,,,,,,1456.3037109375,,,,,,,,,,
14,,23399,,,,,,,1740.491455078125,,,,,,,,,,
14,,23449,,,,,,,1141.13623046875,,,,,,,,,,
14,,23499,,,,,,,1061.033935546875,,,,,,,,,,
14,,23549,,,,,,,1879.69677734375,,,,,,,,,,
14,,23599,,,,,,,1025.377685546875,,,,,,,,,,
14,,23649,,,,,,,1212.685546875,,,,,,,,,,
14,,23699,,,,,,,1190.005859375,,,,,,,,,,
14,,23749,,,,,,,949.7646484375,,,,,,,,,,
14,,23799,,,,,,,1097.3153076171875,,,,,,,,,,
14,,23849,,,,,,,1060.005615234375,,,,,,,,,,
14,,23899,,,,,,,1234.1490478515625,,,,,,,,,,
14,,23949,,,,,,,1203.7855224609375,,,,,,,,,,
14,,23999,,,,,,,1064.45556640625,,,,,,,,,,
14,,24049,,,,,,,953.09814453125,,,,,,,,,,
14,,24099,,,,,,,1022.5438842773438,,,,,,,,,,
14,,24149,,,,,,,1057.896484375,,,,,,,,,,
14,,24199,,,,,,,1060.7000732421875,,,,,,,,,,
14,,24249,,,,,,,1000.3560791015625,,,,,,,,,,
14,,24299,,,,,,,1061.113037109375,,,,,,,,,,
14,,24349,,,,,,,1198.1865234375,,,,,,,,,,
14,,24399,,,,,,,963.67919921875,,,,,,,,,,
14,,24449,,,,,,,1017.143798828125,,,,,,,,,,
14,,24499,,,,,,,1801.9166259765625,,,,,,,,,,
14,,24549,,,,,,,1042.06787109375,,,,,,,,,,
14,,24599,,,,,,,1045.176513671875,,,,,,,,,,
14,,24649,,,,,,,1056.296630859375,,,,,,,,,,
14,,24699,,,,,,,1108.329345703125,,,,,,,,,,
14,,24749,,,,,,,954.61962890625,,,,,,,,,,
14,,24799,,,,,,,1102.3939208984375,,,,,,,,,,
14,,24849,,,,,,,1110.7513427734375,,,,,,,,,,
14,,24899,,,,,,,1115.38134765625,,,,,,,,,,
14,,24929,,,,,,,,,,155.8046417236328,462.777587890625,0.3574802875518799,0.48777419328689575,591.939208984375,0.584911048412323,1362.1273193359375,0.5465654730796814
14,,24929,119.65943145751953,349.3089294433594,0.38599029183387756,0.47975659370422363,575.222900390625,0.5969939827919006,,1159.29150390625,0.6096763610839844,,,,,,,,
,0.001,24930,,,,,,,,,,,,,,,,,
15,,24949,,,,,,,1033.2574462890625,,,,,,,,,,
15,,24999,,,,,,,1697.394287109375,,,,,,,,,,
15,,25049,,,,,,,1040.15966796875,,,,,,,,,,
15,,25099,,,,,,,917.5494384765625,,,,,,,,,,
15,,25149,,,,,,,1329.0341796875,,,,,,,,,,
15,,25199,,,,,,,1032.660400390625,,,,,,,,,,
15,,25249,,,,,,,1006.734375,,,,,,,,,,
15,,25299,,,,,,,1011.0350341796875,,,,,,,,,,
15,,25349,,,,,,,1195.401611328125,,,,,,,,,,
15,,25399,,,,,,,1036.658935546875,,,,,,,,,,
15,,25449,,,,,,,1036.8548583984375,,,,,,,,,,
15,,25499,,,,,,,1186.3221435546875,,,,,,,,,,
15,,25549,,,,,,,1170.382080078125,,,,,,,,,,
15,,25599,,,,,,,1124.8663330078125,,,,,,,,,,
15,,25649,,,,,,,1033.9447021484375,,,,,,,,,,
15,,25699,,,,,,,1247.46337890625,,,,,,,,,,
15,,25749,,,,,,,1063.869873046875,,,,,,,,,,
15,,25799,,,,,,,1003.5296630859375,,,,,,,,,,
15,,25849,,,,,,,999.8831176757812,,,,,,,,,,
15,,25899,,,,,,,1021.0421142578125,,,,,,,,,,
15,,25949,,,,,,,1269.7386474609375,,,,,,,,,,
15,,25999,,,,,,,1040.740234375,,,,,,,,,,
15,,26049,,,,,,,1472.5186767578125,,,,,,,,,,
15,,26099,,,,,,,1948.782470703125,,,,,,,,,,
15,,26149,,,,,,,1187.382080078125,,,,,,,,,,
15,,26199,,,,,,,1744.41748046875,,,,,,,,,,
15,,26249,,,,,,,1073.9208984375,,,,,,,,,,
15,,26299,,,,,,,1248.858154296875,,,,,,,,,,
15,,26349,,,,,,,1170.51025390625,,,,,,,,,,
15,,26399,,,,,,,984.7752685546875,,,,,,,,,,
15,,26449,,,,,,,1061.8680419921875,,,,,,,,,,
15,,26499,,,,,,,1167.19580078125,,,,,,,,,,
15,,26549,,,,,,,1118.09423828125,,,,,,,,,,
15,,26591,,,,,,,,,,149.9390869140625,457.1522521972656,0.35636577010154724,0.47166526317596436,588.43408203125,0.5846249461174011,1342.2633056640625,0.5530267953872681
15,,26591,119.0650405883789,347.0209045410156,0.3911350965499878,0.4815855920314789,572.4375610351562,0.5994572639465332,,1152.9444580078125,0.6134828925132751,,,,,,,,
,0.001,26592,,,,,,,,,,,,,,,,,
16,,26599,,,,,,,1159.886474609375,,,,,,,,,,
16,,26649,,,,,,,1091.02001953125,,,,,,,,,,
16,,26699,,,,,,,1008.6024169921875,,,,,,,,,,
16,,26749,,,,,,,1032.663818359375,,,,,,,,,,
16,,26799,,,,,,,1075.9625244140625,,,,,,,,,,
16,,26849,,,,,,,1767.139404296875,,,,,,,,,,
16,,26899,,,,,,,1082.77001953125,,,,,,,,,,
16,,26949,,,,,,,1007.4490356445312,,,,,,,,,,
16,,26999,,,,,,,1163.1702880859375,,,,,,,,,,
16,,27049,,,,,,,1070.836669921875,,,,,,,,,,
16,,27099,,,,,,,1210.717041015625,,,,,,,,,,
16,,27149,,,,,,,1050.177490234375,,,,,,,,,,
16,,27199,,,,,,,1014.5260009765625,,,,,,,,,,
16,,27249,,,,,,,1124.137451171875,,,,,,,,,,
16,,27299,,,,,,,1945.4586181640625,,,,,,,,,,
16,,27349,,,,,,,2103.33447265625,,,,,,,,,,
16,,27399,,,,,,,1843.9561767578125,,,,,,,,,,
16,,27449,,,,,,,1361.3955078125,,,,,,,,,,
16,,27499,,,,,,,1028.361083984375,,,,,,,,,,
16,,27549,,,,,,,1029.359619140625,,,,,,,,,,
16,,27599,,,,,,,1188.995361328125,,,,,,,,,,
16,,27649,,,,,,,1097.54638671875,,,,,,,,,,
16,,27699,,,,,,,1478.83837890625,,,,,,,,,,
16,,27749,,,,,,,1497.3016357421875,,,,,,,,,,
16,,27799,,,,,,,1115.791748046875,,,,,,,,,,
16,,27849,,,,,,,1081.0435791015625,,,,,,,,,,
16,,27899,,,,,,,1068.056396484375,,,,,,,,,,
16,,27949,,,,,,,1058.076416015625,,,,,,,,,,
16,,27999,,,,,,,1122.897705078125,,,,,,,,,,
16,,28049,,,,,,,1181.97119140625,,,,,,,,,,
16,,28099,,,,,,,1094.268798828125,,,,,,,,,,
16,,28149,,,,,,,1125.068115234375,,,,,,,,,,
16,,28199,,,,,,,980.81640625,,,,,,,,,,
16,,28249,,,,,,,1127.5640869140625,,,,,,,,,,
16,,28253,,,,,,,,,,157.9228057861328,466.1552734375,0.3593009114265442,0.39684176445007324,589.74951171875,0.586728572845459,1367.529296875,0.513072669506073
16,,28253,118.33888244628906,344.5665283203125,0.3949422240257263,0.48515233397483826,569.60498046875,0.6019137501716614,,1146.70654296875,0.6184778213500977,,,,,,,,
,0.001,28254,,,,,,,,,,,,,,,,,
17,,28299,,,,,,,1083.1541748046875,,,,,,,,,,
17,,28349,,,,,,,1050.5509033203125,,,,,,,,,,
17,,28399,,,,,,,1005.937255859375,,,,,,,,,,
17,,28449,,,,,,,926.515380859375,,,,,,,,,,
17,,28499,,,,,,,1072.3399658203125,,,,,,,,,,
17,,28549,,,,,,,1034.340087890625,,,,,,,,,,
17,,28599,,,,,,,1445.3499755859375,,,,,,,,,,
17,,28649,,,,,,,1136.675537109375,,,,,,,,,,
17,,28699,,,,,,,1157.201904296875,,,,,,,,,,
17,,28749,,,,,,,1114.3138427734375,,,,,,,,,,
17,,28799,,,,,,,1200.7786865234375,,,,,,,,,,
17,,28849,,,,,,,975.28466796875,,,,,,,,,,
17,,28899,,,,,,,1429.665771484375,,,,,,,,,,
17,,28949,,,,,,,1026.9114990234375,,,,,,,,,,
17,,28999,,,,,,,1220.8017578125,,,,,,,,,,
17,,29049,,,,,,,1045.460693359375,,,,,,,,,,
17,,29099,,,,,,,1065.344970703125,,,,,,,,,,
17,,29149,,,,,,,1184.465087890625,,,,,,,,,,
17,,29199,,,,,,,1192.681396484375,,,,,,,,,,
17,,29249,,,,,,,996.4386596679688,,,,,,,,,,
17,,29299,,,,,,,1066.9873046875,,,,,,,,,,
17,,29349,,,,,,,1295.7999267578125,,,,,,,,,,
17,,29399,,,,,,,1066.0374755859375,,,,,,,,,,
17,,29449,,,,,,,1210.77587890625,,,,,,,,,,
17,,29499,,,,,,,1036.4306640625,,,,,,,,,,
17,,29549,,,,,,,1091.25048828125,,,,,,,,,,
17,,29599,,,,,,,1030.003173828125,,,,,,,,,,
17,,29649,,,,,,,1196.9052734375,,,,,,,,,,
17,,29699,,,,,,,1227.3525390625,,,,,,,,,,
17,,29749,,,,,,,1049.482421875,,,,,,,,,,
17,,29799,,,,,,,1006.9620361328125,,,,,,,,,,
17,,29849,,,,,,,1056.36328125,,,,,,,,,,
17,,29899,,,,,,,971.383056640625,,,,,,,,,,
17,,29915,,,,,,,,,,152.3099365234375,465.365966796875,0.36533695459365845,0.45355215668678284,590.2606201171875,0.5852319002151489,1360.499755859375,0.5254091024398804
17,,29915,118.22372436523438,343.38134765625,0.39670491218566895,0.48623186349868774,568.0458984375,0.6036617159843445,,1143.529541015625,0.6200532913208008,,,,,,,,
,0.001,29916,,,,,,,,,,,,,,,,,
18,,29949,,,,,,,1010.9663696289062,,,,,,,,,,
18,,29999,,,,,,,960.8710327148438,,,,,,,,,,
18,,30049,,,,,,,1006.779541015625,,,,,,,,,,
18,,30099,,,,,,,1050.1446533203125,,,,,,,,,,
18,,30149,,,,,,,1051.4808349609375,,,,,,,,,,
18,,30199,,,,,,,1478.3594970703125,,,,,,,,,,
18,,30249,,,,,,,985.7578125,,,,,,,,,,
18,,30299,,,,,,,1049.2806396484375,,,,,,,,,,
18,,30349,,,,,,,992.0211181640625,,,,,,,,,,
18,,30399,,,,,,,1120.43701171875,,,,,,,,,,
18,,30449,,,,,,,1012.3814697265625,,,,,,,,,,
18,,30499,,,,,,,2626.6689453125,,,,,,,,,,
18,,30549,,,,,,,1072.24462890625,,,,,,,,,,
18,,30599,,,,,,,988.3231201171875,,,,,,,,,,
18,,30649,,,,,,,1072.344482421875,,,,,,,,,,
18,,30699,,,,,,,948.1928100585938,,,,,,,,,,
18,,30749,,,,,,,941.4857788085938,,,,,,,,,,
18,,30799,,,,,,,1147.696044921875,,,,,,,,,,
18,,30849,,,,,,,993.1851806640625,,,,,,,,,,
18,,30899,,,,,,,1082.18701171875,,,,,,,,,,
18,,30949,,,,,,,1074.9591064453125,,,,,,,,,,
18,,30999,,,,,,,1121.2911376953125,,,,,,,,,,
18,,31049,,,,,,,1237.6651611328125,,,,,,,,,,
18,,31099,,,,,,,971.09423828125,,,,,,,,,,
18,,31149,,,,,,,1873.5546875,,,,,,,,,,
18,,31199,,,,,,,1687.0411376953125,,,,,,,,,,
18,,31249,,,,,,,1008.6033325195312,,,,,,,,,,
18,,31299,,,,,,,1299.8819580078125,,,,,,,,,,
18,,31349,,,,,,,999.813232421875,,,,,,,,,,
18,,31399,,,,,,,1017.626220703125,,,,,,,,,,
18,,31449,,,,,,,1052.865966796875,,,,,,,,,,
18,,31499,,,,,,,1071.175537109375,,,,,,,,,,
18,,31549,,,,,,,1010.06298828125,,,,,,,,,,
18,,31577,,,,,,,,,,155.99295043945312,465.7886657714844,0.36645790934562683,0.4463253319263458,593.0252075195312,0.5866760611534119,1367.63671875,0.5191270709037781
18,,31577,117.49498748779297,341.1938171386719,0.4002143442630768,0.490509957075119,564.5607299804688,0.606695830821991,,1136.7314453125,0.6233410239219666,,,,,,,,
,0.001,31578,,,,,,,,,,,,,,,,,
19,,31599,,,,,,,1114.8905029296875,,,,,,,,,,
19,,31649,,,,,,,1094.195068359375,,,,,,,,,,
19,,31699,,,,,,,1057.3680419921875,,,,,,,,,,
19,,31749,,,,,,,1626.1044921875,,,,,,,,,,
19,,31799,,,,,,,1083.406982421875,,,,,,,,,,
19,,31849,,,,,,,1035.079345703125,,,,,,,,,,
19,,31899,,,,,,,1057.316650390625,,,,,,,,,,
19,,31949,,,,,,,1015.9352416992188,,,,,,,,,,
19,,31999,,,,,,,1056.496337890625,,,,,,,,,,
19,,32049,,,,,,,1188.5045166015625,,,,,,,,,,
19,,32099,,,,,,,1106.34912109375,,,,,,,,,,
19,,32149,,,,,,,1390.28955078125,,,,,,,,,,
19,,32199,,,,,,,991.0721435546875,,,,,,,,,,
19,,32249,,,,,,,1836.375244140625,,,,,,,,,,
19,,32299,,,,,,,1055.204833984375,,,,,,,,,,
19,,32349,,,,,,,1092.281494140625,,,,,,,,,,
19,,32399,,,,,,,1056.6064453125,,,,,,,,,,
19,,32449,,,,,,,1112.8524169921875,,,,,,,,,,
19,,32499,,,,,,,1011.1206665039062,,,,,,,,,,
19,,32549,,,,,,,1543.2568359375,,,,,,,,,,
19,,32599,,,,,,,1016.5516967773438,,,,,,,,,,
19,,32649,,,,,,,1263.0948486328125,,,,,,,,,,
19,,32699,,,,,,,1041.93359375,,,,,,,,,,
19,,32749,,,,,,,1122.202880859375,,,,,,,,,,
19,,32799,,,,,,,1158.2275390625,,,,,,,,,,
19,,32849,,,,,,,1196.7392578125,,,,,,,,,,
19,,32899,,,,,,,1038.100341796875,,,,,,,,,,
19,,32949,,,,,,,1062.337158203125,,,,,,,,,,
19,,32999,,,,,,,973.8768310546875,,,,,,,,,,
19,,33049,,,,,,,1011.1021118164062,,,,,,,,,,
19,,33099,,,,,,,1097.5040283203125,,,,,,,,,,
19,,33149,,,,,,,1058.942138671875,,,,,,,,,,
19,,33199,,,,,,,985.607421875,,,,,,,,,,
19,,33239,,,,,,,,,,150.70994567871094,459.5961608886719,0.3628300726413727,0.43281540274620056,592.059814453125,0.5841420292854309,1351.7568359375,0.527883768081665
19,,33239,117.26183319091797,341.03924560546875,0.40211981534957886,0.4927862584590912,563.1013793945312,0.6078142523765564,,1134.752685546875,0.6256662011146545,,,,,,,,
,0.001,33240,,,,,,,,,,,,,,,,,
20,,33249,,,,,,,1049.251953125,,,,,,,,,,
20,,33299,,,,,,,1471.4517822265625,,,,,,,,,,
20,,33349,,,,,,,1204.694091796875,,,,,,,,,,
20,,33399,,,,,,,1451.73486328125,,,,,,,,,,
20,,33449,,,,,,,1011.1258544921875,,,,,,,,,,
20,,33499,,,,,,,1053.787841796875,,,,,,,,,,
20,,33549,,,,,,,1026.0975341796875,,,,,,,,,,
20,,33599,,,,,,,1109.0440673828125,,,,,,,,,,
20,,33649,,,,,,,986.3531494140625,,,,,,,,,,
20,,33699,,,,,,,1313.2646484375,,,,,,,,,,
20,,33749,,,,,,,1251.9603271484375,,,,,,,,,,
20,,33799,,,,,,,1398.5120849609375,,,,,,,,,,
20,,33849,,,,,,,968.2945556640625,,,,,,,,,,
20,,33899,,,,,,,1054.260009765625,,,,,,,,,,
20,,33949,,,,,,,1037.87451171875,,,,,,,,,,
20,,33999,,,,,,,1146.930908203125,,,,,,,,,,
20,,34049,,,,,,,1020.324951171875,,,,,,,,,,
20,,34099,,,,,,,1061.9605712890625,,,,,,,,,,
20,,34149,,,,,,,1128.02734375,,,,,,,,,,
20,,34199,,,,,,,1008.2969970703125,,,,,,,,,,
20,,34249,,,,,,,1122.143310546875,,,,,,,,,,
20,,34299,,,,,,,1006.693359375,,,,,,,,,,
20,,34349,,,,,,,1101.160888671875,,,,,,,,,,
20,,34399,,,,,,,1032.059814453125,,,,,,,,,,
20,,34449,,,,,,,1064.6680908203125,,,,,,,,,,
20,,34499,,,,,,,1097.998046875,,,,,,,,,,
20,,34549,,,,,,,1000.6175537109375,,,,,,,,,,
20,,34599,,,,,,,1092.248779296875,,,,,,,,,,
20,,34649,,,,,,,1119.292236328125,,,,,,,,,,
20,,34699,,,,,,,1030.5028076171875,,,,,,,,,,
20,,34749,,,,,,,1338.396484375,,,,,,,,,,
20,,34799,,,,,,,1648.98486328125,,,,,,,,,,
20,,34849,,,,,,,1560.9384765625,,,,,,,,,,
20,,34899,,,,,,,1077.13671875,,,,,,,,,,
20,,34901,,,,,,,,,,156.49526977539062,465.57647705078125,0.3659827411174774,0.47107169032096863,589.1763305664062,0.585115373134613,1362.6749267578125,0.5540603995323181
20,,34901,117.1982192993164,338.8269348144531,0.4053329527378082,0.49400418996810913,560.9395141601562,0.609727680683136,,1129.9306640625,0.6284937858581543,,,,,,,,
,0.001,34902,,,,,,,,,,,,,,,,,
21,,34949,,,,,,,966.5888671875,,,,,,,,,,
21,,34999,,,,,,,979.6755981445312,,,,,,,,,,
21,,35049,,,,,,,984.556640625,,,,,,,,,,
21,,35099,,,,,,,1134.302734375,,,,,,,,,,
21,,35149,,,,,,,1040.190185546875,,,,,,,,,,
21,,35199,,,,,,,1031.143798828125,,,,,,,,,,
21,,35249,,,,,,,972.852294921875,,,,,,,,,,
21,,35299,,,,,,,1010.3369140625,,,,,,,,,,
21,,35349,,,,,,,1231.551025390625,,,,,,,,,,
21,,35399,,,,,,,1082.95654296875,,,,,,,,,,
21,,35449,,,,,,,968.6727294921875,,,,,,,,,,
21,,35499,,,,,,,1000.4425048828125,,,,,,,,,,
21,,35549,,,,,,,1058.5426025390625,,,,,,,,,,
21,,35599,,,,,,,1563.423583984375,,,,,,,,,,
21,,35649,,,,,,,993.556640625,,,,,,,,,,
21,,35699,,,,,,,960.40966796875,,,,,,,,,,
21,,35749,,,,,,,1060.36279296875,,,,,,,,,,
21,,35799,,,,,,,991.1676025390625,,,,,,,,,,
21,,35849,,,,,,,1124.1204833984375,,,,,,,,,,
21,,35899,,,,,,,1126.700439453125,,,,,,,,,,
21,,35949,,,,,,,1013.6897583007812,,,,,,,,,,
21,,35999,,,,,,,963.7572021484375,,,,,,,,,,
21,,36049,,,,,,,976.16796875,,,,,,,,,,
21,,36099,,,,,,,1078.169677734375,,,,,,,,,,
21,,36149,,,,,,,1081.068359375,,,,,,,,,,
21,,36199,,,,,,,971.1937255859375,,,,,,,,,,
21,,36249,,,,,,,1030.4600830078125,,,,,,,,,,
21,,36299,,,,,,,983.653076171875,,,,,,,,,,
21,,36349,,,,,,,954.9637451171875,,,,,,,,,,
21,,36399,,,,,,,1148.3323974609375,,,,,,,,,,
21,,36449,,,,,,,1206.614990234375,,,,,,,,,,
21,,36499,,,,,,,1206.80322265625,,,,,,,,,,
21,,36549,,,,,,,1273.65283203125,,,,,,,,,,
21,,36563,,,,,,,,,,150.89547729492188,460.8071594238281,0.36371010541915894,0.42107951641082764,589.2291870117188,0.5838435292243958,1351.8997802734375,0.5463725328445435
21,,36563,116.64244842529297,338.3741760253906,0.4070608615875244,0.49950796365737915,559.4226684570312,0.6108130812644958,,1127.286376953125,0.6311641335487366,,,,,,,,
,0.001,36564,,,,,,,,,,,,,,,,,
22,,36599,,,,,,,1022.5211791992188,,,,,,,,,,
22,,36649,,,,,,,1389.0831298828125,,,,,,,,,,
22,,36699,,,,,,,1125.061767578125,,,,,,,,,,
22,,36749,,,,,,,1220.7733154296875,,,,,,,,,,
22,,36799,,,,,,,1279.201904296875,,,,,,,,,,
22,,36849,,,,,,,1856.331787109375,,,,,,,,,,
22,,36899,,,,,,,1344.1688232421875,,,,,,,,,,
22,,36949,,,,,,,1337.452392578125,,,,,,,,,,
22,,36999,,,,,,,1028.331298828125,,,,,,,,,,
22,,37049,,,,,,,1134.431396484375,,,,,,,,,,
22,,37099,,,,,,,961.0167236328125,,,,,,,,,,
22,,37149,,,,,,,1099.81005859375,,,,,,,,,,
22,,37199,,,,,,,978.6058959960938,,,,,,,,,,
22,,37249,,,,,,,952.7371826171875,,,,,,,,,,
22,,37299,,,,,,,1084.958984375,,,,,,,,,,
22,,37349,,,,,,,1120.241943359375,,,,,,,,,,
22,,37399,,,,,,,991.5206298828125,,,,,,,,,,
22,,37449,,,,,,,1285.15625,,,,,,,,,,
22,,37499,,,,,,,1061.8656005859375,,,,,,,,,,
22,,37549,,,,,,,1096.872802734375,,,,,,,,,,
22,,37599,,,,,,,1021.0921020507812,,,,,,,,,,
22,,37649,,,,,,,1028.570068359375,,,,,,,,,,
22,,37699,,,,,,,1031.6644287109375,,,,,,,,,,
22,,37749,,,,,,,1079.6982421875,,,,,,,,,,
22,,37799,,,,,,,1650.9361572265625,,,,,,,,,,
22,,37849,,,,,,,1451.595458984375,,,,,,,,,,
22,,37899,,,,,,,1087.0975341796875,,,,,,,,,,
22,,37949,,,,,,,1066.4930419921875,,,,,,,,,,
22,,37999,,,,,,,996.1480712890625,,,,,,,,,,
22,,38049,,,,,,,972.1735229492188,,,,,,,,,,
22,,38099,,,,,,,1112.3173828125,,,,,,,,,,
22,,38149,,,,,,,920.2950439453125,,,,,,,,,,
22,,38199,,,,,,,1036.3660888671875,,,,,,,,,,
22,,38225,,,,,,,,,,147.89004516601562,458.3078308105469,0.36647289991378784,0.45124340057373047,585.3797607421875,0.5873042345046997,1341.3348388671875,0.5169133543968201
22,,38225,116.61083984375,336.4310607910156,0.40883898735046387,0.501412570476532,557.575439453125,0.6125965714454651,,1123.26611328125,0.6335889101028442,,,,,,,,
